CREATE DATABASE  IF NOT EXISTS `llantas_db` /*!40100 DEFAULT CHARACTER SET latin1 */;
USE `llantas_db`;
-- MySQL dump 10.13  Distrib 5.6.13, for Win32 (x86)
--
-- Host: 190.4.33.242    Database: llantas_db
-- ------------------------------------------------------
-- Server version	5.6.22

/*!40101 SET @OLD_CHARACTER_SET_CLIENT=@@CHARACTER_SET_CLIENT */;
/*!40101 SET @OLD_CHARACTER_SET_RESULTS=@@CHARACTER_SET_RESULTS */;
/*!40101 SET @OLD_COLLATION_CONNECTION=@@COLLATION_CONNECTION */;
/*!40101 SET NAMES utf8 */;
/*!40103 SET @OLD_TIME_ZONE=@@TIME_ZONE */;
/*!40103 SET TIME_ZONE='+00:00' */;
/*!40014 SET @OLD_UNIQUE_CHECKS=@@UNIQUE_CHECKS, UNIQUE_CHECKS=0 */;
/*!40014 SET @OLD_FOREIGN_KEY_CHECKS=@@FOREIGN_KEY_CHECKS, FOREIGN_KEY_CHECKS=0 */;
/*!40101 SET @OLD_SQL_MODE=@@SQL_MODE, SQL_MODE='NO_AUTO_VALUE_ON_ZERO' */;
/*!40111 SET @OLD_SQL_NOTES=@@SQL_NOTES, SQL_NOTES=0 */;

--
-- Table structure for table `tbl_cai_control`
--

DROP TABLE IF EXISTS `tbl_cai_control`;
/*!40101 SET @saved_cs_client     = @@character_set_client */;
/*!40101 SET character_set_client = utf8 */;
CREATE TABLE `tbl_cai_control` (
  `id` int(11) NOT NULL AUTO_INCREMENT,
  `empresa` varchar(45) DEFAULT NULL,
  `rtn` varchar(20) DEFAULT NULL,
  `cai` varchar(60) DEFAULT NULL,
  `rango_desde` varchar(25) DEFAULT NULL,
  `rango_hasta` varchar(25) DEFAULT NULL,
  `fecha_limite` date DEFAULT NULL,
  `estado` int(11) DEFAULT NULL,
  PRIMARY KEY (`id`)
) ENGINE=InnoDB AUTO_INCREMENT=2 DEFAULT CHARSET=latin1;
/*!40101 SET character_set_client = @saved_cs_client */;

--
-- Dumping data for table `tbl_cai_control`
--

LOCK TABLES `tbl_cai_control` WRITE;
/*!40000 ALTER TABLE `tbl_cai_control` DISABLE KEYS */;
INSERT INTO `tbl_cai_control` VALUES (1,'TGU001','14011986000640','8EDE4C-19A1A4-EB43A6-A56CDF-68CB20-BE','000-001-01-00000001','000-001-01-00000400','2017-11-17',1);
/*!40000 ALTER TABLE `tbl_cai_control` ENABLE KEYS */;
UNLOCK TABLES;

--
-- Table structure for table `tbl_cajas`
--

DROP TABLE IF EXISTS `tbl_cajas`;
/*!40101 SET @saved_cs_client     = @@character_set_client */;
/*!40101 SET character_set_client = utf8 */;
CREATE TABLE `tbl_cajas` (
  `id` int(11) NOT NULL AUTO_INCREMENT,
  `num_caja` int(11) NOT NULL,
  `tienda` varchar(20) NOT NULL,
  `monto` decimal(10,0) NOT NULL,
  `fech_apertura` date NOT NULL,
  `fech_cierre` date NOT NULL,
  `estado_caja` int(11) NOT NULL,
  `cajero` varchar(20) NOT NULL,
  `status` int(11) NOT NULL,
  PRIMARY KEY (`id`)
) ENGINE=InnoDB AUTO_INCREMENT=2 DEFAULT CHARSET=latin1;
/*!40101 SET character_set_client = @saved_cs_client */;

--
-- Dumping data for table `tbl_cajas`
--

LOCK TABLES `tbl_cajas` WRITE;
/*!40000 ALTER TABLE `tbl_cajas` DISABLE KEYS */;
INSERT INTO `tbl_cajas` VALUES (1,1,'TGU001',0,'2017-05-08','0000-00-00',0,'98',1);
/*!40000 ALTER TABLE `tbl_cajas` ENABLE KEYS */;
UNLOCK TABLES;

--
-- Table structure for table `tbl_cajas_cierre`
--

DROP TABLE IF EXISTS `tbl_cajas_cierre`;
/*!40101 SET @saved_cs_client     = @@character_set_client */;
/*!40101 SET character_set_client = utf8 */;
CREATE TABLE `tbl_cajas_cierre` (
  `id` int(11) NOT NULL,
  `caja` int(11) DEFAULT NULL,
  `cajero` varchar(45) DEFAULT NULL,
  `fech_open` datetime DEFAULT NULL,
  `fech_close` datetime DEFAULT NULL,
  `ingresos_fac` decimal(9,2) DEFAULT NULL,
  `devoluciones` decimal(9,2) DEFAULT NULL,
  `egresos` decimal(9,2) DEFAULT NULL,
  `sobrante_faltante` decimal(9,2) DEFAULT NULL,
  `saldo_inicial` decimal(9,2) DEFAULT NULL,
  `utilidad_neta` decimal(9,2) DEFAULT NULL,
  PRIMARY KEY (`id`)
) ENGINE=InnoDB DEFAULT CHARSET=latin1;
/*!40101 SET character_set_client = @saved_cs_client */;

--
-- Dumping data for table `tbl_cajas_cierre`
--

LOCK TABLES `tbl_cajas_cierre` WRITE;
/*!40000 ALTER TABLE `tbl_cajas_cierre` DISABLE KEYS */;
INSERT INTO `tbl_cajas_cierre` VALUES (1,1,'98','2017-03-21 00:00:00','2017-03-21 17:46:34',2100.00,0.00,0.00,0.00,0.00,2100.00),(2,1,'98','2017-03-22 00:00:00','2017-03-22 17:24:46',1400.00,0.00,0.00,0.00,0.00,1400.00),(3,1,'98','2017-03-23 00:00:00','2017-03-23 17:31:16',900.00,0.00,0.00,0.00,0.00,900.00),(4,1,'98','2017-03-24 00:00:00','2017-03-24 16:52:13',1400.00,0.00,0.00,0.00,0.00,1400.00),(5,1,'98','2017-03-25 00:00:00','2017-03-25 17:16:56',1200.00,0.00,0.00,0.00,0.00,1200.00),(6,1,'98','2017-03-27 00:00:00','2017-03-27 17:18:28',1000.00,0.00,0.00,0.00,0.00,1000.00),(7,1,'98','2017-03-29 00:00:00','2017-03-29 16:44:35',1350.00,0.00,0.00,0.00,0.00,1350.00),(8,1,'98','2017-03-30 00:00:00','2017-03-30 16:56:00',1000.00,0.00,0.00,0.00,0.00,1000.00),(9,1,'98','2017-04-01 00:00:00','2017-04-01 17:01:28',2000.00,0.00,0.00,0.00,0.00,2000.00),(10,1,'98','2017-04-03 00:00:00','2017-04-03 16:46:59',850.00,0.00,0.00,0.00,0.00,850.00),(11,1,'98','2017-04-04 00:00:00','2017-04-04 17:10:03',2750.00,0.00,0.00,0.00,0.00,2750.00),(12,1,'98','2017-04-05 00:00:00','2017-04-05 17:02:25',2900.00,0.00,0.00,0.00,0.00,2900.00),(13,1,'98','2017-04-05 00:00:00','2017-04-05 17:19:20',5600.00,0.00,0.00,0.00,0.00,5600.00),(14,1,'98','2017-04-06 00:00:00','2017-04-06 17:05:09',3500.00,0.00,0.00,0.00,0.00,3500.00),(15,1,'98','2017-04-07 00:00:00','2017-04-07 17:21:44',2600.00,0.00,0.00,0.00,0.00,2600.00),(16,1,'98','2017-04-08 00:00:00','2017-04-08 16:54:50',8300.00,0.00,0.00,0.00,0.00,8300.00),(17,1,'98','2017-04-09 00:00:00','2017-04-09 16:36:56',2650.00,0.00,0.00,0.00,0.00,2650.00),(18,1,'98','2017-04-10 00:00:00','2017-04-10 16:55:55',9350.00,0.00,0.00,0.00,0.00,9350.00),(19,1,'98','2017-04-11 00:00:00','2017-04-11 17:10:53',5750.00,0.00,0.00,0.00,0.00,5750.00),(20,1,'98','2017-04-12 00:00:00','2017-04-12 15:54:01',550.00,0.00,0.00,0.00,0.00,550.00),(21,1,'98','2017-04-17 00:00:00','2017-04-17 17:13:32',550.00,0.00,0.00,0.00,0.00,550.00),(22,1,'98','2017-04-18 00:00:00','2017-04-18 16:42:24',8500.00,0.00,0.00,0.00,0.00,8500.00),(23,1,'98','2017-04-19 00:00:00','2017-04-19 17:31:49',600.00,0.00,0.00,0.00,0.00,600.00),(24,1,'98','2017-04-21 00:00:00','2017-04-21 17:09:05',1900.00,0.00,0.00,0.00,0.00,1900.00),(25,1,'98','2017-04-22 00:00:00','2017-04-22 17:41:14',1100.00,0.00,0.00,0.00,0.00,1100.00),(26,1,'98','2017-04-24 00:00:00','2017-04-24 17:45:48',800.00,0.00,0.00,0.00,0.00,800.00),(27,1,'98','2017-04-25 00:00:00','2017-04-25 17:09:26',1550.00,0.00,0.00,0.00,0.00,1550.00),(28,1,'98','2017-04-26 00:00:00','2017-04-26 18:13:27',950.00,0.00,0.00,0.00,0.00,950.00),(29,1,'98','2017-04-27 00:00:00','2017-04-27 17:17:49',6900.00,0.00,0.00,0.00,0.00,6900.00),(30,1,'98','2017-04-27 00:00:00','2017-04-28 17:24:15',12500.00,0.00,0.00,0.00,0.00,12500.00),(31,1,'98','2017-04-29 00:00:00','2017-04-29 17:05:49',800.00,0.00,0.00,0.00,0.00,800.00),(32,1,'98','2017-05-01 00:00:00','2017-05-01 17:12:38',2350.00,0.00,0.00,0.00,0.00,2350.00),(33,1,'98','2017-05-02 00:00:00','2017-05-04 17:18:08',13100.00,0.00,0.00,0.00,0.00,13100.00),(34,1,'98','2017-05-05 00:00:00','2017-05-05 16:57:45',600.00,0.00,0.00,0.00,0.00,600.00),(35,1,'98','2017-05-06 00:00:00','2017-05-06 17:55:54',2500.00,0.00,0.00,0.00,0.00,2500.00),(36,1,'98','2017-05-08 00:00:00','2017-05-08 17:15:45',1000.00,0.00,0.00,0.00,0.00,1000.00);
/*!40000 ALTER TABLE `tbl_cajas_cierre` ENABLE KEYS */;
UNLOCK TABLES;

--
-- Table structure for table `tbl_correlativos`
--

DROP TABLE IF EXISTS `tbl_correlativos`;
/*!40101 SET @saved_cs_client     = @@character_set_client */;
/*!40101 SET character_set_client = utf8 */;
CREATE TABLE `tbl_correlativos` (
  `id` varchar(15) NOT NULL,
  `correlativo` int(11) NOT NULL,
  `prefijo` varchar(50) NOT NULL,
  `estado` int(11) NOT NULL,
  PRIMARY KEY (`id`)
) ENGINE=InnoDB DEFAULT CHARSET=latin1;
/*!40101 SET character_set_client = @saved_cs_client */;

--
-- Dumping data for table `tbl_correlativos`
--

LOCK TABLES `tbl_correlativos` WRITE;
/*!40000 ALTER TABLE `tbl_correlativos` DISABLE KEYS */;
INSERT INTO `tbl_correlativos` VALUES ('CCA',36,'0',1),('FAC',111,'000-001-01',1);
/*!40000 ALTER TABLE `tbl_correlativos` ENABLE KEYS */;
UNLOCK TABLES;

--
-- Table structure for table `tbl_factura_detalle`
--

DROP TABLE IF EXISTS `tbl_factura_detalle`;
/*!40101 SET @saved_cs_client     = @@character_set_client */;
/*!40101 SET character_set_client = utf8 */;
CREATE TABLE `tbl_factura_detalle` (
  `id` int(11) NOT NULL AUTO_INCREMENT,
  `cod_item` varchar(10) DEFAULT NULL,
  `precio` decimal(9,2) DEFAULT NULL,
  `unidades` decimal(9,2) DEFAULT NULL,
  `factura_id` varchar(60) DEFAULT NULL,
  `detalle` varchar(45) DEFAULT NULL,
  PRIMARY KEY (`id`)
) ENGINE=InnoDB AUTO_INCREMENT=117 DEFAULT CHARSET=latin1;
/*!40101 SET character_set_client = @saved_cs_client */;

--
-- Dumping data for table `tbl_factura_detalle`
--

LOCK TABLES `tbl_factura_detalle` WRITE;
/*!40000 ALTER TABLE `tbl_factura_detalle` DISABLE KEYS */;
INSERT INTO `tbl_factura_detalle` VALUES (1,'01',150.00,6.00,'000-001-01-00000001','rin'),(2,'02',200.00,1.00,'000-001-01-00000001','rin'),(3,'03',100.00,2.00,'000-001-01-00000001','rin'),(4,'01',400.00,1.00,'000-001-01-00000002','llanta 15'),(5,'01',400.00,1.00,'000-001-01-00000003','llanta usada'),(6,'01',500.00,1.00,'000-001-01-00000004','llanta usada'),(7,'01',900.00,1.00,'000-001-01-00000005','rin con llanta usada'),(8,'01',450.00,2.00,'000-001-01-00000006','llanta usada'),(9,'01',1100.00,1.00,'000-001-01-00000007','llanta usada 2557016'),(10,'01',1.00,300.00,'000-001-01-00000008','llanta usada'),(11,'01',800.00,1.00,'000-001-01-00000009','llanta usada'),(12,'01',400.00,1.00,'000-001-01-00000010','LLANTA Y RIN'),(13,'01',500.00,1.00,'000-001-01-00000011','LLANTA USADA'),(14,'01',500.00,1.00,'000-001-01-00000012','LLANTA USADA'),(15,'01',350.00,1.00,'000-001-01-00000013','llanta usada'),(16,'01',500.00,2.00,'000-001-01-00000014','llanta usada'),(17,'01',500.00,1.00,'000-001-01-00000015','llanta usada'),(18,'01',250.00,2.00,'000-001-01-00000016','rin'),(19,'01',500.00,1.00,'000-001-01-00000017','llanta usada'),(20,'01',700.00,2.00,'000-001-01-00000018','llantas'),(21,'01',100.00,1.00,'000-001-01-00000019','rin'),(22,'01',400.00,1.00,'000-001-01-00000020','rin'),(23,'01',150.00,3.00,'000-001-01-00000021','rines lata'),(24,'01',900.00,1.00,'000-001-01-00000022','llanta usada'),(25,'01',250.00,1.00,'000-001-01-00000023','rin'),(26,'01',300.00,1.00,'000-001-01-00000024','llanta usada'),(27,'01',400.00,1.00,'000-001-01-00000025','llanta 175/70/14'),(28,'01',900.00,1.00,'000-001-01-00000026','llanta usada'),(29,'01',200.00,1.00,'000-001-01-00000027','rin'),(30,'01',350.00,2.00,'000-001-01-00000028','LLANTAS USADAS'),(31,'01',1000.00,1.00,'000-001-01-00000029','llanta usada'),(32,'01',500.00,2.00,'000-001-01-00000030','llantas usada'),(33,'01',900.00,3.00,'000-001-01-00000031','llanta'),(34,'01',100.00,2.00,'000-001-01-00000032','rin'),(35,'01',300.00,1.00,'000-001-01-00000033','rin'),(36,'01',1200.00,2.00,'000-001-01-00000034','LLANTAS -255- 70 16'),(37,'01',600.00,1.00,'000-001-01-00000035','llanta usasda'),(38,'01',700.00,2.00,'000-001-01-00000036','llanta usada'),(39,'01',600.00,2.00,'000-001-01-00000037','llanta usada'),(40,'01',400.00,1.00,'000-001-01-00000038','llanta usada'),(41,'01',450.00,1.00,'000-001-01-00000039','llanta usada'),(42,'01',400.00,1.00,'000-001-01-00000040','llanta usada'),(43,'01',1400.00,4.00,'000-001-01-00000041','llantas usadas 2657016'),(44,'01',800.00,1.00,'000-001-01-00000042','LLANTA 205/55/16'),(45,'01',550.00,1.00,'000-001-01-00000043','llanta usada'),(46,'01',100.00,1.00,'000-001-01-00000044','llanta usada'),(47,'01',700.00,1.00,'000-001-01-00000045','llanta usada'),(48,'01',700.00,1.00,'000-001-01-00000046','rin con llanta'),(49,'01',500.00,1.00,'000-001-01-00000047','llanta usada'),(50,'01',200.00,1.00,'000-001-01-00000048','rin'),(51,'01',550.00,1.00,'000-001-01-00000049','llanta usada'),(52,'01',275.00,2.00,'000-001-01-00000050','llantas usadas'),(53,'01',500.00,2.00,'000-001-01-00000051','llanta 195/70r13'),(54,'01',700.00,4.00,'000-001-01-00000052','LLANTAS USADAS'),(55,'01',500.00,1.00,'000-001-01-00000053','llanta usada'),(56,'01',3500.00,1.00,'000-001-01-00000054','JUEGO DE RINES'),(57,'01',250.00,4.00,'000-001-01-00000055','RINES DE METAL'),(58,'01',550.00,1.00,'000-001-01-00000056','llanta usada con rin'),(59,'01',400.00,1.00,'000-001-01-00000057','llanta usada'),(60,'01',600.00,1.00,'000-001-01-00000058','llanta usada y copa'),(61,'01',3500.00,1.00,'000-001-01-00000059','juego de rines con dos llantas'),(62,'01',350.00,2.00,'000-001-01-00000060','llantas usadas'),(63,'01',350.00,1.00,'000-001-01-00000061','llanta usada'),(64,'01',200.00,1.00,'000-001-01-00000062','rin 15'),(65,'01',550.00,1.00,'000-001-01-00000063','llanta con rin'),(66,'01',200.00,4.00,'000-001-01-00000064','rines'),(67,'01',400.00,1.00,'000-001-01-00000065','llanta usada'),(68,'01',4000.00,1.00,'000-001-01-00000066','JUEGO DE RINES'),(69,'02',1250.00,2.00,'000-001-01-00000066','LLANTAS USADAS'),(70,'01',400.00,1.00,'000-001-01-00000067','llanta usada'),(71,'01',400.00,1.00,'000-001-01-00000068','rin'),(72,'01',600.00,1.00,'000-001-01-00000069','llanta y rin'),(73,'01',700.00,1.00,'000-001-01-00000070','llanta 195 r15'),(74,'01',700.00,1.00,'000-001-01-00000071','llanta con rin usada'),(75,'01',500.00,1.00,'000-001-01-00000072','llantam usada'),(76,'01',150.00,1.00,'000-001-01-00000073','rin'),(77,'02',250.00,2.00,'000-001-01-00000073','rin'),(78,'01',450.00,1.00,'000-001-01-00000074','llanta con rin 13'),(79,'01',100.00,3.00,'000-001-01-00000075','rin lata'),(80,'01',500.00,1.00,'000-001-01-00000076','LLANTA USADA'),(81,'01',300.00,1.00,'000-001-01-00000077','llanta usada'),(82,'01',300.00,3.00,'000-001-01-00000078','llantas 175/70r13'),(83,'01',350.00,1.00,'000-001-01-00000079','rin lata'),(84,'01',450.00,1.00,'000-001-01-00000080','llanta usada'),(85,'01',500.00,1.00,'000-001-01-00000081','llanta armada'),(86,'01',800.00,1.00,'000-001-01-00000082','llanta con rin'),(87,'01',500.00,2.00,'000-001-01-00000083','llanta usada'),(88,'01',500.00,1.00,'000-001-01-00000084','llanta usada'),(89,'01',500.00,1.00,'000-001-01-00000085','llanta usada'),(90,'01',500.00,2.00,'000-001-01-00000086','llanta usada'),(91,'01',500.00,1.00,'000-001-01-00000087','llanta usada'),(92,'01',600.00,1.00,'000-001-01-00000088','LLANTA CON RIN'),(93,'01',1000.00,2.00,'000-001-01-00000089','llantasm usadas'),(94,'01',3500.00,1.00,'000-001-01-00000090','juego de rines'),(95,'01',300.00,1.00,'000-001-01-00000091','rin'),(96,'01',200.00,4.00,'000-001-01-00000092','rines'),(97,'01',500.00,1.00,'000-001-01-00000093','llanta usada'),(98,'001',500.00,1.00,'000-001-01-00000094','llanta usada'),(99,'01',800.00,1.00,'000-001-01-00000095','llanta y rin'),(100,'01',700.00,2.00,'000-001-01-00000096','LLANTA USADA'),(101,'01',350.00,1.00,'000-001-01-00000097','LLANTA USADA'),(102,'01',150.00,2.00,'000-001-01-00000098','RIN HIERRO'),(103,'01',300.00,1.00,'000-001-01-00000099','LLANTA USADA'),(104,'02',500.00,2.00,'000-001-01-00000100','205/60r15'),(105,'01',6000.00,1.00,'000-001-01-00000101','JUEGO DE LLANTA 16'),(106,'01',600.00,1.00,'000-001-01-00000102','LLANTA USADA'),(107,'02',600.00,1.00,'000-001-01-00000102','LLANTA USADA'),(108,'01',2500.00,1.00,'000-001-01-00000103','juego de llantas'),(109,'01',1200.00,2.00,'000-001-01-00000104','llanta usada'),(110,'01',600.00,1.00,'000-001-01-00000105','llanta usada'),(111,'01',450.00,1.00,'000-001-01-00000106','llanta y rin'),(112,'01',900.00,1.00,'000-001-01-00000107','juan luis'),(113,'01',350.00,1.00,'000-001-01-00000108','llanta usada'),(114,'01',800.00,1.00,'000-001-01-00000109','LLANTA USADA Y RIN'),(115,'01',300.00,1.00,'000-001-01-00000110','llanta usada'),(116,'01',700.00,1.00,'000-001-01-00000111','LLANTA USADA');
/*!40000 ALTER TABLE `tbl_factura_detalle` ENABLE KEYS */;
UNLOCK TABLES;

--
-- Table structure for table `tbl_facturas`
--

DROP TABLE IF EXISTS `tbl_facturas`;
/*!40101 SET @saved_cs_client     = @@character_set_client */;
/*!40101 SET character_set_client = utf8 */;
CREATE TABLE `tbl_facturas` (
  `id` varchar(60) NOT NULL,
  `fech_fac` datetime DEFAULT NULL,
  `vendedor` varchar(15) DEFAULT NULL,
  `cliente` varchar(30) DEFAULT NULL,
  `rtn_cliente` varchar(20) DEFAULT NULL,
  `tel_cliente` int(11) DEFAULT NULL,
  `subtotal` decimal(8,2) NOT NULL,
  `descuento` decimal(9,2) DEFAULT NULL,
  `isv` decimal(9,2) DEFAULT NULL,
  `efectivo` decimal(9,2) DEFAULT NULL,
  `tarjeta` decimal(9,2) DEFAULT NULL,
  `total` decimal(9,2) DEFAULT NULL,
  `cajero` varchar(15) DEFAULT NULL,
  `caja` varchar(10) DEFAULT NULL,
  `nota` varchar(45) DEFAULT NULL,
  `cai` varchar(60) DEFAULT NULL,
  `estado` int(11) DEFAULT NULL,
  PRIMARY KEY (`id`)
) ENGINE=InnoDB DEFAULT CHARSET=latin1;
/*!40101 SET character_set_client = @saved_cs_client */;

--
-- Dumping data for table `tbl_facturas`
--

LOCK TABLES `tbl_facturas` WRITE;
/*!40000 ALTER TABLE `tbl_facturas` DISABLE KEYS */;
INSERT INTO `tbl_facturas` VALUES ('000-001-01-00000001','2017-03-21 14:25:58','0','Giovany','0',0,1300.00,0.00,0.00,1300.00,0.00,1300.00,'98','1','0','8EDE4C-19A1A4-EB43A6-A56CDF-68CB20-BE',1),('000-001-01-00000002','2017-03-21 14:26:46','0','0','0',0,400.00,0.00,0.00,400.00,0.00,400.00,'98','1','0','8EDE4C-19A1A4-EB43A6-A56CDF-68CB20-BE',1),('000-001-01-00000003','2017-03-21 15:44:55','0','0','0',0,400.00,0.00,0.00,400.00,0.00,400.00,'98','1','0','8EDE4C-19A1A4-EB43A6-A56CDF-68CB20-BE',1),('000-001-01-00000004','2017-03-22 10:30:00','0','0','0',0,500.00,0.00,0.00,500.00,0.00,500.00,'98','1','0','8EDE4C-19A1A4-EB43A6-A56CDF-68CB20-BE',1),('000-001-01-00000005','2017-03-22 16:59:54','0','alejandro salgado','0',0,900.00,0.00,0.00,900.00,0.00,900.00,'98','1','0','8EDE4C-19A1A4-EB43A6-A56CDF-68CB20-BE',1),('000-001-01-00000006','2017-03-23 10:19:54','0','Oscar Carcamo','0',0,900.00,0.00,0.00,900.00,0.00,900.00,'98','1','0','8EDE4C-19A1A4-EB43A6-A56CDF-68CB20-BE',1),('000-001-01-00000007','2017-03-24 09:45:52','0','leonel ferrufino','0',0,1100.00,0.00,0.00,1100.00,0.00,1100.00,'98','1','','8EDE4C-19A1A4-EB43A6-A56CDF-68CB20-BE',1),('000-001-01-00000008','2017-03-24 16:01:28','0','0','0',0,300.00,0.00,0.00,300.00,0.00,300.00,'98','1','0','8EDE4C-19A1A4-EB43A6-A56CDF-68CB20-BE',1),('000-001-01-00000009','2017-03-25 15:27:05','0','edgar solorzano','0',0,800.00,0.00,0.00,800.00,0.00,800.00,'98','1','0','8EDE4C-19A1A4-EB43A6-A56CDF-68CB20-BE',1),('000-001-01-00000010','2017-03-25 16:23:15','0','0','0',0,400.00,0.00,0.00,400.00,0.00,400.00,'98','1','','8EDE4C-19A1A4-EB43A6-A56CDF-68CB20-BE',1),('000-001-01-00000011','2017-03-27 17:12:28','0','0','0',0,500.00,0.00,0.00,500.00,0.00,500.00,'98','1','0','8EDE4C-19A1A4-EB43A6-A56CDF-68CB20-BE',1),('000-001-01-00000012','2017-03-27 17:15:23','0','0','0',0,500.00,0.00,0.00,500.00,0.00,500.00,'98','1','0','8EDE4C-19A1A4-EB43A6-A56CDF-68CB20-BE',1),('000-001-01-00000013','2017-03-29 11:33:41','0','000','00',0,350.00,0.00,0.00,350.00,0.00,350.00,'98','1','0','8EDE4C-19A1A4-EB43A6-A56CDF-68CB20-BE',1),('000-001-01-00000014','2017-03-29 16:41:31','0','0','0',0,1000.00,0.00,0.00,1000.00,0.00,1000.00,'98','1','0','8EDE4C-19A1A4-EB43A6-A56CDF-68CB20-BE',1),('000-001-01-00000015','2017-03-30 16:04:16','0','0','0',0,500.00,0.00,0.00,500.00,0.00,500.00,'98','1','','8EDE4C-19A1A4-EB43A6-A56CDF-68CB20-BE',1),('000-001-01-00000016','2017-03-30 16:05:12','0','0','0',0,500.00,0.00,0.00,500.00,0.00,500.00,'98','1','','8EDE4C-19A1A4-EB43A6-A56CDF-68CB20-BE',1),('000-001-01-00000017','2017-04-01 11:15:04','0','0','0',0,500.00,0.00,0.00,500.00,0.00,500.00,'98','1','','8EDE4C-19A1A4-EB43A6-A56CDF-68CB20-BE',1),('000-001-01-00000018','2017-04-01 16:15:13','0','0','0',0,1400.00,0.00,0.00,1400.00,0.00,1400.00,'98','1','0','8EDE4C-19A1A4-EB43A6-A56CDF-68CB20-BE',1),('000-001-01-00000019','2017-04-01 16:53:06','0','0','0',0,100.00,0.00,0.00,100.00,0.00,100.00,'98','1','0','8EDE4C-19A1A4-EB43A6-A56CDF-68CB20-BE',1),('000-001-01-00000020','2017-04-03 08:45:45','0','0','0',0,400.00,0.00,0.00,400.00,0.00,400.00,'98','1','','8EDE4C-19A1A4-EB43A6-A56CDF-68CB20-BE',1),('000-001-01-00000021','2017-04-03 08:46:07','0','00','0',0,450.00,0.00,0.00,450.00,0.00,450.00,'98','1','0','8EDE4C-19A1A4-EB43A6-A56CDF-68CB20-BE',1),('000-001-01-00000022','2017-04-04 09:56:57','0','alcides hernandez','0',0,900.00,0.00,0.00,900.00,0.00,900.00,'98','1','0','8EDE4C-19A1A4-EB43A6-A56CDF-68CB20-BE',1),('000-001-01-00000023','2017-04-04 09:57:22','0','01','01',1,250.00,0.00,0.00,250.00,0.00,250.00,'98','1','0','8EDE4C-19A1A4-EB43A6-A56CDF-68CB20-BE',1),('000-001-01-00000024','2017-04-04 10:18:35','0','Olman godoy','0',0,300.00,0.00,0.00,300.00,0.00,300.00,'98','1','','8EDE4C-19A1A4-EB43A6-A56CDF-68CB20-BE',1),('000-001-01-00000025','2017-04-04 15:08:43','0','0','0',0,400.00,0.00,0.00,400.00,0.00,400.00,'98','1','','8EDE4C-19A1A4-EB43A6-A56CDF-68CB20-BE',1),('000-001-01-00000026','2017-04-04 16:19:20','0','00','0',0,900.00,0.00,0.00,900.00,0.00,900.00,'98','1','','8EDE4C-19A1A4-EB43A6-A56CDF-68CB20-BE',1),('000-001-01-00000027','2017-04-05 09:56:50','0','01','0',0,200.00,0.00,0.00,200.00,0.00,200.00,'98','1','','8EDE4C-19A1A4-EB43A6-A56CDF-68CB20-BE',1),('000-001-01-00000028','2017-04-05 09:57:12','0','0','0',10,700.00,0.00,0.00,700.00,0.00,700.00,'98','1','0','8EDE4C-19A1A4-EB43A6-A56CDF-68CB20-BE',1),('000-001-01-00000029','2017-04-05 10:22:39','0','xxx','0',0,1000.00,0.00,0.00,1000.00,0.00,1000.00,'98','1','','8EDE4C-19A1A4-EB43A6-A56CDF-68CB20-BE',1),('000-001-01-00000030','2017-04-05 13:11:56','0','zxxx','0',0,1000.00,0.00,0.00,1000.00,0.00,1000.00,'98','1','','8EDE4C-19A1A4-EB43A6-A56CDF-68CB20-BE',1),('000-001-01-00000031','2017-04-05 17:06:07','0','Inversiones Tecnicas','08241973000720',0,2700.00,0.00,0.00,2700.00,0.00,2700.00,'98','1','','8EDE4C-19A1A4-EB43A6-A56CDF-68CB20-BE',1),('000-001-01-00000032','2017-04-06 10:37:35','0','01','01',1,200.00,0.00,0.00,200.00,0.00,200.00,'98','1','0','8EDE4C-19A1A4-EB43A6-A56CDF-68CB20-BE',1),('000-001-01-00000033','2017-04-06 10:37:50','0','0','0',0,300.00,0.00,0.00,300.00,0.00,300.00,'98','1','0','8EDE4C-19A1A4-EB43A6-A56CDF-68CB20-BE',1),('000-001-01-00000034','2017-04-06 11:47:06','0','BELINDA','0',0,2400.00,0.00,0.00,2400.00,0.00,2400.00,'98','1','0','8EDE4C-19A1A4-EB43A6-A56CDF-68CB20-BE',1),('000-001-01-00000035','2017-04-06 13:58:39','0','0','0',0,600.00,0.00,0.00,600.00,0.00,600.00,'98','1','','8EDE4C-19A1A4-EB43A6-A56CDF-68CB20-BE',1),('000-001-01-00000036','2017-04-07 12:22:47','0','01','0',1,1400.00,0.00,0.00,1400.00,0.00,1400.00,'98','1','0','8EDE4C-19A1A4-EB43A6-A56CDF-68CB20-BE',1),('000-001-01-00000037','2017-04-07 15:12:25','0','gabriela barahona','0',0,1200.00,0.00,0.00,1200.00,0.00,1200.00,'98','1','','8EDE4C-19A1A4-EB43A6-A56CDF-68CB20-BE',1),('000-001-01-00000038','2017-04-08 08:26:10','0','0','0',0,400.00,0.00,0.00,400.00,0.00,400.00,'98','1','0','8EDE4C-19A1A4-EB43A6-A56CDF-68CB20-BE',1),('000-001-01-00000039','2017-04-08 09:26:05','0','0','0',0,450.00,0.00,0.00,450.00,0.00,450.00,'98','1','0','8EDE4C-19A1A4-EB43A6-A56CDF-68CB20-BE',1),('000-001-01-00000040','2017-04-08 12:18:22','0','0','0',0,400.00,0.00,0.00,400.00,0.00,400.00,'98','1','0','8EDE4C-19A1A4-EB43A6-A56CDF-68CB20-BE',1),('000-001-01-00000041','2017-04-08 14:52:31','0','0','0',0,5600.00,0.00,0.00,5600.00,0.00,5600.00,'98','1','0','8EDE4C-19A1A4-EB43A6-A56CDF-68CB20-BE',1),('000-001-01-00000042','2017-04-08 14:53:15','0','0','0',0,800.00,0.00,0.00,0.00,800.00,800.00,'98','1','','8EDE4C-19A1A4-EB43A6-A56CDF-68CB20-BE',1),('000-001-01-00000043','2017-04-08 16:06:42','0','0','0',0,550.00,0.00,0.00,550.00,0.00,550.00,'98','1','0','8EDE4C-19A1A4-EB43A6-A56CDF-68CB20-BE',1),('000-001-01-00000044','2017-04-08 16:12:49','0','0','0',0,100.00,0.00,0.00,100.00,0.00,100.00,'98','1','0','8EDE4C-19A1A4-EB43A6-A56CDF-68CB20-BE',1),('000-001-01-00000045','2017-04-09 13:05:03','0','0','0',0,700.00,0.00,0.00,700.00,0.00,700.00,'98','1','0','8EDE4C-19A1A4-EB43A6-A56CDF-68CB20-BE',1),('000-001-01-00000046','2017-04-09 13:08:12','0','0','0',0,700.00,0.00,0.00,700.00,0.00,700.00,'98','1','0','8EDE4C-19A1A4-EB43A6-A56CDF-68CB20-BE',1),('000-001-01-00000047','2017-04-09 14:11:08','0','0','0',0,500.00,0.00,0.00,500.00,0.00,500.00,'98','1','0','8EDE4C-19A1A4-EB43A6-A56CDF-68CB20-BE',1),('000-001-01-00000048','2017-04-09 14:11:41','0','0','0',0,200.00,0.00,0.00,200.00,0.00,200.00,'98','1','0','8EDE4C-19A1A4-EB43A6-A56CDF-68CB20-BE',1),('000-001-01-00000049','2017-04-09 15:08:21','0','0','0',0,550.00,0.00,0.00,550.00,0.00,550.00,'98','1','0','8EDE4C-19A1A4-EB43A6-A56CDF-68CB20-BE',1),('000-001-01-00000050','2017-04-10 09:17:24','0','0','0',0,550.00,0.00,0.00,550.00,0.00,550.00,'98','1','0','8EDE4C-19A1A4-EB43A6-A56CDF-68CB20-BE',1),('000-001-01-00000051','2017-04-10 13:56:48','0','fredy','0',31625845,1000.00,0.00,0.00,1000.00,0.00,1000.00,'98','1','0','8EDE4C-19A1A4-EB43A6-A56CDF-68CB20-BE',1),('000-001-01-00000052','2017-04-10 14:25:47','0','0','0',0,2800.00,0.00,0.00,2800.00,0.00,2800.00,'98','1','00','8EDE4C-19A1A4-EB43A6-A56CDF-68CB20-BE',1),('000-001-01-00000053','2017-04-10 15:42:22','0','0','0',0,500.00,0.00,0.00,500.00,0.00,500.00,'98','1','0','8EDE4C-19A1A4-EB43A6-A56CDF-68CB20-BE',1),('000-001-01-00000054','2017-04-10 16:12:38','0','0','0',0,3500.00,0.00,0.00,3500.00,0.00,3500.00,'98','1','0','8EDE4C-19A1A4-EB43A6-A56CDF-68CB20-BE',1),('000-001-01-00000055','2017-04-10 16:13:22','0','0','0',0,1000.00,0.00,0.00,1000.00,0.00,1000.00,'98','1','0','8EDE4C-19A1A4-EB43A6-A56CDF-68CB20-BE',1),('000-001-01-00000056','2017-04-11 10:41:42','0','0','0',0,550.00,0.00,0.00,550.00,0.00,550.00,'98','1','0','8EDE4C-19A1A4-EB43A6-A56CDF-68CB20-BE',1),('000-001-01-00000057','2017-04-11 10:48:25','0','0','0',0,400.00,0.00,0.00,400.00,0.00,400.00,'98','1','0','8EDE4C-19A1A4-EB43A6-A56CDF-68CB20-BE',1),('000-001-01-00000058','2017-04-11 12:11:33','0','0','0',0,600.00,0.00,0.00,600.00,0.00,600.00,'98','1','0','8EDE4C-19A1A4-EB43A6-A56CDF-68CB20-BE',1),('000-001-01-00000059','2017-04-11 14:28:02','0','0','0',0,3500.00,0.00,0.00,3500.00,0.00,3500.00,'98','1','0','8EDE4C-19A1A4-EB43A6-A56CDF-68CB20-BE',1),('000-001-01-00000060','2017-04-11 15:06:48','0','0','0',0,700.00,0.00,0.00,700.00,0.00,700.00,'98','1','0','8EDE4C-19A1A4-EB43A6-A56CDF-68CB20-BE',1),('000-001-01-00000061','2017-04-12 08:48:41','0','0','0',0,350.00,0.00,0.00,350.00,0.00,350.00,'98','1','0','8EDE4C-19A1A4-EB43A6-A56CDF-68CB20-BE',1),('000-001-01-00000062','2017-04-12 15:52:29','0','0','0',0,200.00,0.00,0.00,200.00,0.00,200.00,'98','1','0','8EDE4C-19A1A4-EB43A6-A56CDF-68CB20-BE',1),('000-001-01-00000063','2017-04-17 11:35:14','0','0','0',0,550.00,0.00,0.00,550.00,0.00,550.00,'98','1','','8EDE4C-19A1A4-EB43A6-A56CDF-68CB20-BE',1),('000-001-01-00000064','2017-04-18 11:24:01','0','manuel antonio chavez','0',0,800.00,0.00,0.00,800.00,0.00,800.00,'98','1','0','8EDE4C-19A1A4-EB43A6-A56CDF-68CB20-BE',1),('000-001-01-00000065','2017-04-18 12:07:55','0','0','0',0,400.00,0.00,0.00,400.00,0.00,400.00,'98','1','0','8EDE4C-19A1A4-EB43A6-A56CDF-68CB20-BE',1),('000-001-01-00000066','2017-04-18 12:18:32','0','HENRY LOPEZ','0',0,6500.00,0.00,0.00,6500.00,0.00,6500.00,'98','1','0','8EDE4C-19A1A4-EB43A6-A56CDF-68CB20-BE',1),('000-001-01-00000067','2017-04-18 12:58:52','0','0','0',0,400.00,0.00,0.00,400.00,0.00,400.00,'98','1','0','8EDE4C-19A1A4-EB43A6-A56CDF-68CB20-BE',1),('000-001-01-00000068','2017-04-18 13:08:45','0','0','0',0,400.00,0.00,0.00,400.00,0.00,400.00,'98','1','0','8EDE4C-19A1A4-EB43A6-A56CDF-68CB20-BE',1),('000-001-01-00000069','2017-04-19 17:29:56','0','karen elvir','0',0,600.00,0.00,0.00,600.00,0.00,600.00,'98','1','0','8EDE4C-19A1A4-EB43A6-A56CDF-68CB20-BE',1),('000-001-01-00000070','2017-04-21 08:48:30','0','0','0',0,700.00,0.00,0.00,700.00,0.00,700.00,'98','1','0','8EDE4C-19A1A4-EB43A6-A56CDF-68CB20-BE',1),('000-001-01-00000071','2017-04-21 08:48:58','0','manuel ramirez','0',0,700.00,0.00,0.00,700.00,0.00,700.00,'98','1','','8EDE4C-19A1A4-EB43A6-A56CDF-68CB20-BE',1),('000-001-01-00000072','2017-04-21 17:08:28','0','0','0',0,500.00,0.00,0.00,500.00,0.00,500.00,'98','1','0','8EDE4C-19A1A4-EB43A6-A56CDF-68CB20-BE',1),('000-001-01-00000073','2017-04-22 12:51:08','0','giovany','0',0,650.00,0.00,0.00,650.00,0.00,650.00,'98','1','','8EDE4C-19A1A4-EB43A6-A56CDF-68CB20-BE',1),('000-001-01-00000074','2017-04-22 14:09:00','0','0','0',0,450.00,0.00,0.00,450.00,0.00,450.00,'98','1','','8EDE4C-19A1A4-EB43A6-A56CDF-68CB20-BE',1),('000-001-01-00000075','2017-04-24 14:24:04','0','giovany','0',0,300.00,0.00,0.00,300.00,0.00,300.00,'98','1','','8EDE4C-19A1A4-EB43A6-A56CDF-68CB20-BE',1),('000-001-01-00000076','2017-04-24 17:44:00','0','0','0',0,500.00,0.00,0.00,500.00,0.00,500.00,'98','1','0','8EDE4C-19A1A4-EB43A6-A56CDF-68CB20-BE',1),('000-001-01-00000077','2017-04-25 14:58:14','0','0','0',0,300.00,0.00,0.00,300.00,0.00,300.00,'98','1','','8EDE4C-19A1A4-EB43A6-A56CDF-68CB20-BE',1),('000-001-01-00000078','2017-04-25 15:48:57','0','hector aplicano','0',31541191,900.00,0.00,0.00,900.00,0.00,900.00,'98','1','0','8EDE4C-19A1A4-EB43A6-A56CDF-68CB20-BE',1),('000-001-01-00000079','2017-04-25 15:50:23','0','00','0',0,350.00,0.00,0.00,350.00,0.00,350.00,'98','1','','8EDE4C-19A1A4-EB43A6-A56CDF-68CB20-BE',1),('000-001-01-00000080','2017-04-26 16:36:07','0','0','0',0,450.00,0.00,0.00,450.00,0.00,450.00,'98','1','','8EDE4C-19A1A4-EB43A6-A56CDF-68CB20-BE',1),('000-001-01-00000081','2017-04-26 16:36:25','0','0','0',0,500.00,0.00,0.00,500.00,0.00,500.00,'98','1','','8EDE4C-19A1A4-EB43A6-A56CDF-68CB20-BE',1),('000-001-01-00000082','2017-04-27 13:08:00','0','Detallista S. A','03011965011024',0,800.00,0.00,0.00,800.00,0.00,800.00,'98','1','0','8EDE4C-19A1A4-EB43A6-A56CDF-68CB20-BE',1),('000-001-01-00000083','2017-04-27 13:09:54','0','0','0',0,1000.00,0.00,0.00,1000.00,0.00,1000.00,'98','1','0','8EDE4C-19A1A4-EB43A6-A56CDF-68CB20-BE',1),('000-001-01-00000084','2017-04-27 13:52:52','0','0','0',0,500.00,0.00,0.00,500.00,0.00,500.00,'98','1','0','8EDE4C-19A1A4-EB43A6-A56CDF-68CB20-BE',1),('000-001-01-00000085','2017-04-27 13:53:53','0','0','0',0,500.00,0.00,0.00,500.00,0.00,500.00,'98','1','0','8EDE4C-19A1A4-EB43A6-A56CDF-68CB20-BE',1),('000-001-01-00000086','2017-04-27 13:54:41','0','0','0',0,1000.00,0.00,0.00,1000.00,0.00,1000.00,'98','1','0','8EDE4C-19A1A4-EB43A6-A56CDF-68CB20-BE',1),('000-001-01-00000087','2017-04-27 13:55:15','0','0','0',0,500.00,0.00,0.00,500.00,0.00,500.00,'98','1','0','8EDE4C-19A1A4-EB43A6-A56CDF-68CB20-BE',1),('000-001-01-00000088','2017-04-27 16:08:22','0','0','0',0,600.00,0.00,0.00,600.00,0.00,600.00,'98','1','','8EDE4C-19A1A4-EB43A6-A56CDF-68CB20-BE',1),('000-001-01-00000089','2017-04-27 17:01:32','0','0','0',0,2000.00,0.00,0.00,2000.00,0.00,2000.00,'98','1','0','8EDE4C-19A1A4-EB43A6-A56CDF-68CB20-BE',1),('000-001-01-00000090','2017-04-28 11:26:18','0','0','0',0,3500.00,0.00,0.00,3500.00,0.00,3500.00,'98','1','','8EDE4C-19A1A4-EB43A6-A56CDF-68CB20-BE',1),('000-001-01-00000091','2017-04-28 13:16:17','0','0','0',0,300.00,0.00,0.00,300.00,0.00,300.00,'98','1','0','8EDE4C-19A1A4-EB43A6-A56CDF-68CB20-BE',1),('000-001-01-00000092','2017-04-28 14:39:55','0','0','0',0,800.00,0.00,0.00,800.00,0.00,800.00,'98','1','0','8EDE4C-19A1A4-EB43A6-A56CDF-68CB20-BE',1),('000-001-01-00000093','2017-04-28 15:39:01','0','0','0',0,500.00,0.00,0.00,500.00,0.00,500.00,'98','1','0','8EDE4C-19A1A4-EB43A6-A56CDF-68CB20-BE',1),('000-001-01-00000094','2017-04-28 16:42:56','0','xx','xxx',0,500.00,0.00,0.00,500.00,0.00,500.00,'98','1','','8EDE4C-19A1A4-EB43A6-A56CDF-68CB20-BE',1),('000-001-01-00000095','2017-04-29 13:40:22','0','0','0',0,800.00,0.00,0.00,800.00,0.00,800.00,'98','1','','8EDE4C-19A1A4-EB43A6-A56CDF-68CB20-BE',1),('000-001-01-00000096','2017-05-01 10:14:43','0','0','0',0,1400.00,0.00,0.00,1400.00,0.00,1400.00,'98','1','','8EDE4C-19A1A4-EB43A6-A56CDF-68CB20-BE',1),('000-001-01-00000097','2017-05-01 10:27:55','0','XXX','0',0,350.00,0.00,0.00,350.00,0.00,350.00,'98','1','','8EDE4C-19A1A4-EB43A6-A56CDF-68CB20-BE',1),('000-001-01-00000098','2017-05-01 12:09:29','0','XX','0',0,300.00,0.00,0.00,300.00,0.00,300.00,'98','1','','8EDE4C-19A1A4-EB43A6-A56CDF-68CB20-BE',1),('000-001-01-00000099','2017-05-01 12:12:57','0','0','0',0,300.00,0.00,0.00,300.00,0.00,300.00,'98','1','','8EDE4C-19A1A4-EB43A6-A56CDF-68CB20-BE',1),('000-001-01-00000100','2017-05-02 11:40:32','0','0','0',0,1000.00,0.00,0.00,1000.00,0.00,1000.00,'98','1','0','8EDE4C-19A1A4-EB43A6-A56CDF-68CB20-BE',1),('000-001-01-00000101','2017-05-02 11:45:56','0','0','0',0,6000.00,0.00,0.00,6000.00,0.00,6000.00,'98','1','','8EDE4C-19A1A4-EB43A6-A56CDF-68CB20-BE',1),('000-001-01-00000102','2017-05-02 15:27:41','0','JORGE RAMIREZ','0',0,1200.00,0.00,0.00,1200.00,0.00,1200.00,'98','1','0','8EDE4C-19A1A4-EB43A6-A56CDF-68CB20-BE',1),('000-001-01-00000103','2017-05-02 16:23:16','0','xxxx','x',-6,2500.00,0.00,0.00,2500.00,0.00,2500.00,'98','1','','8EDE4C-19A1A4-EB43A6-A56CDF-68CB20-BE',1),('000-001-01-00000104','2017-05-04 08:29:21','0','0','0',0,2400.00,0.00,0.00,2400.00,0.00,2400.00,'98','1','0','8EDE4C-19A1A4-EB43A6-A56CDF-68CB20-BE',1),('000-001-01-00000105','2017-05-05 09:43:32','0','0','0',0,600.00,0.00,0.00,600.00,0.00,600.00,'98','1','0','8EDE4C-19A1A4-EB43A6-A56CDF-68CB20-BE',1),('000-001-01-00000106','2017-05-06 08:29:44','0','0','0',0,450.00,0.00,0.00,450.00,0.00,450.00,'98','1','','8EDE4C-19A1A4-EB43A6-A56CDF-68CB20-BE',1),('000-001-01-00000107','2017-05-06 13:20:53','0','01','0',0,900.00,0.00,0.00,900.00,0.00,900.00,'98','1','0','8EDE4C-19A1A4-EB43A6-A56CDF-68CB20-BE',1),('000-001-01-00000108','2017-05-06 13:35:04','0','0','0',0,350.00,0.00,0.00,350.00,0.00,350.00,'98','1','0','8EDE4C-19A1A4-EB43A6-A56CDF-68CB20-BE',1),('000-001-01-00000109','2017-05-06 13:35:51','0','0','0',0,800.00,0.00,0.00,800.00,0.00,800.00,'98','1','','8EDE4C-19A1A4-EB43A6-A56CDF-68CB20-BE',1),('000-001-01-00000110','2017-05-08 10:13:55','0','Eucebio','0',0,300.00,0.00,0.00,300.00,0.00,300.00,'98','1','','8EDE4C-19A1A4-EB43A6-A56CDF-68CB20-BE',1),('000-001-01-00000111','2017-05-08 15:05:31','0','0','0',0,700.00,0.00,0.00,700.00,0.00,700.00,'98','1','0','8EDE4C-19A1A4-EB43A6-A56CDF-68CB20-BE',1);
/*!40000 ALTER TABLE `tbl_facturas` ENABLE KEYS */;
UNLOCK TABLES;

--
-- Table structure for table `tbl_personal`
--

DROP TABLE IF EXISTS `tbl_personal`;
/*!40101 SET @saved_cs_client     = @@character_set_client */;
/*!40101 SET character_set_client = utf8 */;
CREATE TABLE `tbl_personal` (
  `id` varchar(20) NOT NULL,
  `nombre_persona` varchar(50) NOT NULL,
  `apellido_persona` varchar(50) NOT NULL,
  `telefono_persona` int(11) NOT NULL,
  `cargo_persona` int(11) NOT NULL,
  `status_persona` int(11) NOT NULL,
  PRIMARY KEY (`id`)
) ENGINE=InnoDB DEFAULT CHARSET=latin1;
/*!40101 SET character_set_client = @saved_cs_client */;

--
-- Dumping data for table `tbl_personal`
--

LOCK TABLES `tbl_personal` WRITE;
/*!40000 ALTER TABLE `tbl_personal` DISABLE KEYS */;
INSERT INTO `tbl_personal` VALUES ('98','Cajero01','Llantas',0,100,1);
/*!40000 ALTER TABLE `tbl_personal` ENABLE KEYS */;
UNLOCK TABLES;

--
-- Table structure for table `tbl_tiendas`
--

DROP TABLE IF EXISTS `tbl_tiendas`;
/*!40101 SET @saved_cs_client     = @@character_set_client */;
/*!40101 SET character_set_client = utf8 */;
CREATE TABLE `tbl_tiendas` (
  `id` varchar(10) NOT NULL,
  `nombre_tienda` varchar(60) NOT NULL,
  `direccion_tienda` varchar(50) NOT NULL,
  `telefono_tienda` int(11) NOT NULL,
  `email` varchar(45) DEFAULT NULL,
  `rtn_tienda` varchar(20) NOT NULL,
  `status` int(11) NOT NULL,
  PRIMARY KEY (`id`)
) ENGINE=InnoDB DEFAULT CHARSET=latin1;
/*!40101 SET character_set_client = @saved_cs_client */;

--
-- Dumping data for table `tbl_tiendas`
--

LOCK TABLES `tbl_tiendas` WRITE;
/*!40000 ALTER TABLE `tbl_tiendas` DISABLE KEYS */;
INSERT INTO `tbl_tiendas` VALUES ('TGU001','Importaciones y Llanticentro JIREH','Salida a Danli, Villa Vieja',87402031,'xxx@gmail.com','14011986000640',1);
/*!40000 ALTER TABLE `tbl_tiendas` ENABLE KEYS */;
UNLOCK TABLES;

--
-- Table structure for table `usuarios`
--

DROP TABLE IF EXISTS `usuarios`;
/*!40101 SET @saved_cs_client     = @@character_set_client */;
/*!40101 SET character_set_client = utf8 */;
CREATE TABLE `usuarios` (
  `num` int(11) NOT NULL AUTO_INCREMENT,
  `usuario` varchar(20) NOT NULL,
  `password` varchar(30) NOT NULL,
  `id_empleado` varchar(20) NOT NULL,
  `estado` int(11) NOT NULL,
  PRIMARY KEY (`num`)
) ENGINE=InnoDB AUTO_INCREMENT=2 DEFAULT CHARSET=latin1;
/*!40101 SET character_set_client = @saved_cs_client */;

--
-- Dumping data for table `usuarios`
--

LOCK TABLES `usuarios` WRITE;
/*!40000 ALTER TABLE `usuarios` DISABLE KEYS */;
INSERT INTO `usuarios` VALUES (1,'caja','jireh','0',1);
/*!40000 ALTER TABLE `usuarios` ENABLE KEYS */;
UNLOCK TABLES;

--
-- Dumping routines for database 'llantas_db'
--
/*!40103 SET TIME_ZONE=@OLD_TIME_ZONE */;

/*!40101 SET SQL_MODE=@OLD_SQL_MODE */;
/*!40014 SET FOREIGN_KEY_CHECKS=@OLD_FOREIGN_KEY_CHECKS */;
/*!40014 SET UNIQUE_CHECKS=@OLD_UNIQUE_CHECKS */;
/*!40101 SET CHARACTER_SET_CLIENT=@OLD_CHARACTER_SET_CLIENT */;
/*!40101 SET CHARACTER_SET_RESULTS=@OLD_CHARACTER_SET_RESULTS */;
/*!40101 SET COLLATION_CONNECTION=@OLD_COLLATION_CONNECTION */;
/*!40111 SET SQL_NOTES=@OLD_SQL_NOTES */;

-- Dump completed on 2017-05-12  9:50:48
